uuid,firstName,lastName,phone,email(s)
30f42bcf-2556-491e-8c0c-4e52d7dcfd90,Mateo,Tarren,358-254-9580,mtarren0@cocolog-nifty.com
96aa54a4-f452-405c-82b2-12f262095f75,Lydie,Haugeh,556-404-8530,lhaugeh1@liveinternet.ru,lhaugeh1@dyndns.org,
cc88a3dc-64d6-4070-b9b0-b2ae9ace0061,Gottfried,Tombs,506-723-1101,gtombs2@youtube.com,gtombs2@tamu.edu,gtombs2@mashable.com
ddd24cee-31fa-48ac-b311-04fc329bb03b,Vivyanne,Ashwin,501-748-5672,vashwin3@mediafire.com
bc0d9b2c-39ad-4c01-a835-02cfe79bf43e,Lusa,O'Kynsillaghe,204-377-9576,lokynsillaghe4@netlog.com,lokynsillaghe4@cdc.gov,
7fa8439d-2b23-4e4f-a7b5-4a068e862ea2,Rena,Braidford,180-510-6512,rbraidford5@springer.com,rbraidford5@w3.org,rbraidford5@posterous.com
a8bc68fb-cafb-487f-88e7-662dead64af8,Shannon,Alejo,617-310-1531,salejo6@woothemes.com,salejo6@gravatar.com
f858c87a-f53b-476d-ba8c-4d3a9944d2fa,Correna,Lindberg,906-253-2354,clindberg7@dell.com
d0adb644-3721-499d-ab93-b51b8c4f3990,Felicdad,Fermer,937-592-0730,ffermer8@sfgate.com,ffermer8@soundcloud.com,ffermer8@globo.com
42dadb9b-1b9f-4377-842a-65b7e23ec284,Sheila,Bernardos,896-440-8454,sbernardos9@flickr.com,sbernardos9@uol.com.br,sbernardos9@usa.gov
39d21a2b-d0f3-42f9-8307-e2aa132159dd,Virgina,Petrol,915-322-7326,vpetrol0@yahoo.com,,
d6e247c3-63fe-4525-a474-4bf4c60ea39a,Timotheus,Badland,295-397-8269,tbadland1@alibaba.com,tbadland1@yellowpages.com,
48409f6a-72ea-445c-8a9f-15b6fb50f016,Giff,Hurl,400-303-4315,ghurl2@japanpost.jp,ghurl2@pagesperso-orange.fr,
7f90331d-8d51-43d7-8fab-9d5baf6019bf,Julietta,Ellam,543-779-0641,jellam3@dropbox.com,jellam3@topsy.com,
6056d47e-dd04-46ee-b711-ba49d9d3d38a,Louisette,Gosdin,354-707-0299,lgosdin4@e-recht24.de,lgosdin4@example.com,lgosdin4@archive.org
928c085d-b5d8-46f2-8852-5bd2d18b7d19,Marjie,Heatley,816-699-2295,mheatley5@amazon.co.jp,mheatley5@kickstarter.com,
d5b2c0a9-28da-49fe-88c5-39df92773d0a,Arlee,Lashford,979-473-2990,alashford6@fda.gov,alashford6@scribd.com
22989040-d23c-41d8-98eb-9ca65da722cc,Symon,Esmond,320-988-5876,sesmond7@umich.edu,sesmond7@t.co,
3ad69f7b-f01d-4ed1-82f5-d840af4a77af,Skell,Lawtey,841-392-1310,slawtey8@mozilla.com,,slawtey8@bandcamp.com
65678ae9-43e6-48bf-b80f-6b6ec5189c66,Karia,Ubee,933-928-7969,kubee9@answers.com,kubee9@wiley.com,
                                     
                                     

